{
    "rsme": 1.7746372273829745,
    "mae": 1.4535947854985223,
    "r2": 0.9002224742290782
}