{
    "rsme": 1.7781392783077514,
    "mae": 1.4573541075286767,
    "r2": 0.8998282857743088
}